<?xml version="1.0" encoding="UTF-8"?>

<!-- TODO: need to review and decide what basic stuff to include. -->
<beans xmlns="http://www.springframework.org/schema/beans"
       xmlns:xsi="http://www.w3.org/2001/XMLSchema-instance"
       xmlns:context="http://www.springframework.org/schema/context"
       xmlns:lang="http://www.springframework.org/schema/lang"
       xmlns:cxf="http://camel.apache.org/schema/cxf"
        xmlns:camel="http://camel.apache.org/schema/spring"
       xsi:schemaLocation="http://www.springframework.org/schema/beans
       http://www.springframework.org/schema/beans/spring-beans-3.0.xsd
       http://camel.apache.org/schema/spring
       http://camel.apache.org/schema/spring/camel-spring.xsd
       http://camel.apache.org/schema/cxf http://camel.apache.org/schema/cxf/camel-cxf.xsd
       http://www.springframework.org/schema/context
       http://www.springframework.org/schema/context/spring-context.xsd
       http://www.springframework.org/schema/lang 
       http://www.springframework.org/schema/lang/spring-lang.xsd">


	<import resource="../beans/beans.xml"/>
	<import resource="../spring/ol-management.xml"/>
 <import resource="../spring/activeMq.xml"/>
  <import resource="../spring/actionsfm.xml"/>
 
	<lang:groovy id="fetchAction" script-source ="classpath:groovy/fetch_Action.groovy"/>
	<lang:groovy id="sendResp" script-source ="classpath:groovy/sendResp.groovy"/>
	<lang:groovy id="invalidCredsfin" script-source ="classpath:groovy/invalidCredsfin.groovy"/>
	<lang:groovy id="badReqFin" script-source ="classpath:groovy/badReqFin.groovy"/>
	<lang:groovy id="errorBalancer" script-source ="classpath:groovy/errorBalancer.groovy"/>
	<lang:groovy id="errorHandling" script-source="classpath:groovy/error_handling.groovy"/>
	<lang:groovy id="sampleJson" script-source="classpath:groovy/sample_json.groovy"/>
	<lang:groovy id="sampleJson1" script-source="classpath:groovy/sample_json1.groovy"/>

    <bean id="bridgePropertyPlaceholder" class="org.apache.camel.spring.spi.BridgePropertyPlaceholderConfigurer">
        <property name="ignoreResourceNotFound" value="true" />
        <property name="locations">
            <list>
                <value>classpath:spring/camel-context.properties</value>
            </list>
        </property>
	</bean>


	<camelContext id="SFM_OL" xmlns="http://camel.apache.org/schema/spring">
		<routeContextRef ref="activeMqRoutes"/>
   <routeContextRef ref="actionSFMRoute"/> 
		<route>
		<from uri="jetty:http://sfmserver.demo.sas.com:9080/v1/evaluate-risk-financial"/>
			<log message = "Recieved JSON Request from Bank: ${body}" loggingLevel="INFO"/>
			<!--validate creds-->
			<setHeader headerName="Content-Type">
				<constant>Application/Json</constant>
			</setHeader>
		
			<choice>
			        <!-- Check if Authorization header matches the expected value -->
				<when>
					<simple>${header.Authorization} == 'Basic aGRiYW5rY2xpZW50OmhkYmFua3NlY3JldA=='</simple>
					<log message="Authorized access"/>
					<bean ref="fetchAction" method="process"/>
					
				<choice>
					<when>
                    <!-- Check if CustomerID, Action, and EFMSChannelReferenceNumber are present in the body -->
                    <simple>${header.CustomerId} != '' &amp;&amp; ${header.EFMSChannelReferenceNumber} != ''</simple>
                    <log message="Valid request received: ${body}" loggingLevel="INFO"/>
					
					<log message="Received Financial Transaction (JSON): ${body}" loggingLevel="INFO"/>
					<bean ref="sampleJson" method="jsonMapping"/>
						<log message="after mapping from groovy file: ${body}" loggingLevel="INFO"/>
					<setHeader headerName="csvId"> <constant>sample1</constant> </setHeader>
					<setHeader headerName="delimiter"> <constant>,</constant> </setHeader>
					<setHeader headerName="format"> <constant>csv</constant> </setHeader>
					<setHeader headerName="mapperId"> <constant>csvMap1</constant> </setHeader>
					<setHeader headerName="useSrcMap"> <constant>NO</constant> </setHeader>
					
					<to id="general_route_logger" uri="log:reporter?level=INFO&amp;groupInterval=5000&amp;groupDelay=5000"/>
					<convertBodyTo type="java.lang.String"/>
					<log message="after mapping from csv and xml files: ${body}" loggingLevel="INFO"/>
					<doTry>
						<bean ref="odeUtils" method="decodeWebString" />
						<to uri="direct:requestDispatcher"/>
						<doCatch>
							<exception>com.sas.finance.fraud.transaction.field.Field$EncodeException</exception>
							<bean ref="errorHandling" method="errorMessageJson" />
							<stop />
						</doCatch>
					</doTry>
					
					</when>
					
				<otherwise>
                    <log message="Missing required fields in the request" loggingLevel="ERROR"/>

                    <!-- Set 400 Bad Request response code -->
                    <setHeader headerName="CamelHttpResponseCode">
                        <constant>400</constant>
                    </setHeader>

                    <!-- Set body with error message indicating which fields are missing -->
					<bean ref ="badReqFin" method="process"/>
                </otherwise>
            </choice>
			</when>	

			<otherwise>
					<log message="Unauthorized access attempt"/>
					<!-- Return 401 Unauthorized response -->
					<setHeader headerName="CamelHttpResponseCode">
						<constant>401</constant>
					</setHeader>
					<bean ref="invalidCredsfin" method="process"/>
			</otherwise>
		   </choice>

		</route>
		
		
		<route>
		<from uri="jetty:http://sfmserver.demo.sas.com:9080/v1/evaluate-risk-nonfinancial"/>
			<log message = "Recieved JSON Request from Bank: ${body}" loggingLevel="INFO"/>
			<!--validate creds-->
			<setHeader headerName="Content-Type">
				<constant>Application/Json</constant>
			</setHeader>
		
			<choice>
			        <!-- Check if Authorization header matches the expected value -->
				<when>
					<simple>${header.Authorization} == 'Basic aGRiYW5rY2xpZW50OmhkYmFua3NlY3JldA=='</simple>
					<log message="Authorized access"/>
					<bean ref="fetchAction" method="process"/>
					
				<choice>
					<when>
                    <!-- Check if CustomerID, Action, and EFMSChannelReferenceNumber are present in the body -->
                    <simple>${header.CustomerId} != '' &amp;&amp; ${header.EFMSChannelReferenceNumber} != ''</simple>
                    <log message="Valid request received: ${body}" loggingLevel="INFO"/>
					
					<log message="Received Financial Transaction (JSON): ${body}" loggingLevel="INFO"/>
					<bean ref="sampleJson1" method="jsonMapping"/>
					<log message="after mapping from groovy file: ${body}" loggingLevel="INFO"/>
					<setHeader headerName="csvId"> <constant>sample2</constant> </setHeader>
					<setHeader headerName="delimiter"> <constant>,</constant> </setHeader>
					<setHeader headerName="format"> <constant>csv</constant> </setHeader>
					<setHeader headerName="mapperId"> <constant>csvMap2</constant> </setHeader>
					<setHeader headerName="useSrcMap"> <constant>NO</constant> </setHeader>
					
					<to id="general_route_logger1" uri="log:reporter?level=INFO&amp;groupInterval=5000&amp;groupDelay=5000"/>
					<convertBodyTo type="java.lang.String"/>
					<log message="after mapping from csv and xml files: ${body}" loggingLevel="INFO"/>
					<doTry>
						<bean ref="odeUtils" method="decodeWebString" />
						<to uri="direct:requestDispatcher"/>
						<doCatch>
							<exception>com.sas.finance.fraud.transaction.field.Field$EncodeException</exception>
							<bean ref="errorHandling" method="errorMessageJson" />
							<stop />
						</doCatch>
					</doTry>
					
					</when>
					
				<otherwise>
                    <log message="Missing required fields in the request" loggingLevel="ERROR"/>

                    <!-- Set 400 Bad Request response code -->
                    <setHeader headerName="CamelHttpResponseCode">
                        <constant>400</constant>
                    </setHeader>

                    <!-- Set body with error message indicating which fields are missing -->
					<bean ref ="badReqFin" method="process"/>
                </otherwise>
            </choice>
			</when>	

			<otherwise>
					<log message="Unauthorized access attempt"/>
					<!-- Return 401 Unauthorized response -->
					<setHeader headerName="CamelHttpResponseCode">
						<constant>401</constant>
					</setHeader>
					<bean ref="invalidCredsfin" method="process"/>
			</otherwise>
		   </choice>
		</route>
		
		<route id="Dispatcher" >
            <from uri="direct:requestDispatcher"/>
            <!-- <onCompletion parallelProcessing="true"><to uri="direct:MsgHistLogger"/></onCompletion> -->

            <doTry>
                <bean ref="requestDispatcher" method="process"/>
                <bean id="StoreUnqKeyFor_format" ref="uniqueKeySaver"/>
                <log message="sending transaction to DOE route: ${body}" loggingLevel="INFO"/>
                <to uri="disruptor:sendTransactionToODE?timeout=5000&amp;waitForTaskToComplete=Always"/>
                
            </doTry>
        </route>
		
		
		<route>
            <from uri="disruptor:sendTransactionToODE?concurrentConsumers=8" />

            <onCompletion><to uri="seda:collectPerfData"/></onCompletion>

            <bean id="setTransactionId" ref="setTransactionId" />
            <bean ref="customExchangeTracker" method="startLogging" />
            <bean id="validation" ref="xtionValidator" method="validate" />
            <log message="sending to the loadbalancer: ${body}" loggingLevel="INFO"/>
          <!--  <doTry> -->
            <loadBalance id="ODE Load Balancer" inheritErrorHandler="false">
                <custom ref="odeLoadBalancer"/>
				<to id="sfmdemo" uri="netty4:tcp://sfmserver.demo.sas.com:5018?sync=true&amp;encoder=#encoder&amp;decoder=#decoder"/>
            </loadBalance>
           <log message="recieved response from loadbalancer: ${body}" loggingLevel="INFO"/> 
			<!--		<doCatch>
				
					<exception>java.net.ConnectException</exception>
					<exception>java.lang.RuntimeException</exception> 

					
					<bean ref="errorBalancer" method="process"/>
					<setHeader headerName="CamelHttpResponseCode">
                        <constant>503</constant>
                    </setHeader>
					<stop/>
					</doCatch>
             </doTry> -->
             <bean ref="customExchangeTracker" method="endLogging" />
             <bean ref="txnToJsonString"/>
             <log message="response before parsing and sending response: ${body}" loggingLevel="INFO"/> 
			<bean ref="sendResp" method = "process"/>
			<log message=" Response sent to Bank : ${body}" loggingLevel="INFO"/>
		</route>	
	</camelContext>

</beans>                                                                                                                  
