<?xml version="1.0" encoding="UTF-8"?>

<beans xmlns="http://www.springframework.org/schema/beans" 
       xmlns:xsi="http://www.w3.org/2001/XMLSchema-instance"
       xmlns:util="http://www.springframework.org/schema/util"
       xsi:schemaLocation="http://www.springframework.org/schema/beans 
           http://www.springframework.org/schema/beans/spring-beans-3.0.xsd 
           http://www.springframework.org/schema/util
           http://www.springframework.org/schema/util/spring-util-2.5.xsd
           http://camel.apache.org/schema/spring
           http://camel.apache.org/schema/spring/camel-spring.xsd">

    <!-- Enable route metrics -->
    <bean id="metricsRoutePolicyFactory" class="org.apache.camel.component.metrics.routepolicy.MetricsRoutePolicyFactory">
        <property name="useJmx" value="true"/>
    </bean>

    <bean id="MsgHistLog" class="com.sas.finance.fraud.ol.monitor.LogMessageHistory">
        <property name="infoMap">
            <map>
                <entry key="Card Number" value="hqo_card_num"/>
            </map>
        </property>
    </bean>

    <bean id="perfDataCollector" class="com.sas.finance.fraud.ol.aggregate.DataAggregation"/>

    <bean id="odeDetails" class="com.sas.finance.fraud.ol.aggregate.ODEDetails"/>

    <bean id="custMbeanHandler" class="com.sas.finance.fraud.ol.aggregate.CustomMBeanHandler"/>

    <!--listen to Ode clients change-->
    <bean id="odeProcessor" class="com.sas.finance.fraud.ol.aggregate.ODEProcessor" factory-method="getInstance" lazy-init="false">
         <property name="customMBeanHandler" ref="custMbeanHandler"/>
    </bean>

    <bean id="odeHistoricalDetails" class="com.sas.finance.fraud.ol.aggregate.ODEHistoricalDetails">
        <constructor-arg name="odeStatsArchiver" ref="odeStatsArchiver"/>
    </bean>

    <!--listen to Ode clients change-->
    <bean id="odeStatsArchiver" class="com.sas.finance.fraud.ol.OdeStatsArchiver"/>

    <bean id="myLoggingEventNotifier" class="com.sas.finance.fraud.ol.mapping.MyLoggingSentEventNotifer"/>

</beans>
