<?xml version="1.0" encoding="UTF-8"?>

<!-- TODO: need to review and decide what basic stuff to include. -->
<beans xmlns="http://www.springframework.org/schema/beans"
       xmlns:xsi="http://www.w3.org/2001/XMLSchema-instance"
       xmlns:context="http://www.springframework.org/schema/context"
       xmlns:lang="http://www.springframework.org/schema/lang"
       xmlns:cxf="http://camel.apache.org/schema/cxf"
        xmlns:camel="http://camel.apache.org/schema/spring"
       xsi:schemaLocation="http://www.springframework.org/schema/beans
       http://www.springframework.org/schema/beans/spring-beans-3.0.xsd
       http://camel.apache.org/schema/spring
       http://camel.apache.org/schema/spring/camel-spring.xsd
       http://camel.apache.org/schema/cxf http://camel.apache.org/schema/cxf/camel-cxf.xsd
       http://www.springframework.org/schema/context
       http://www.springframework.org/schema/context/spring-context.xsd
       http://www.springframework.org/schema/lang 
       http://www.springframework.org/schema/lang/spring-lang.xsd">


	<lang:groovy id="processTransaction" script-source ="classpath:groovy/processTransaction.groovy"/>
	<lang:groovy id="inward" script-source ="classpath:groovy/inward.groovy"/>
	<lang:groovy id="fetchAction" script-source ="classpath:groovy/fetch_Action.groovy"/>
	<lang:groovy id="sendResp" script-source ="classpath:groovy/sendResp.groovy"/>
	<lang:groovy id="postEval" script-source ="classpath:groovy/postEval.groovy"/>
	<lang:groovy id="postEvalNM" script-source ="classpath:groovy/postEvalNM.groovy"/>
	<lang:groovy id="nonFinancial" script-source ="classpath:groovy/nonFinancial.groovy"/>
	<lang:groovy id="financial" script-source ="classpath:groovy/financial.groovy"/>
	<lang:groovy id="invalidCredsfin" script-source ="classpath:groovy/invalidCredsfin.groovy"/>
	<lang:groovy id="invalidCredsinward" script-source ="classpath:groovy/invalidCredsinward.groovy"/>
	<lang:groovy id="invalidCredsstatus" script-source ="classpath:groovy/invalidCredsstatus.groovy"/>
	<lang:groovy id="invalidCredsnonfin" script-source ="classpath:groovy/invalidCredsnonfin.groovy"/>
	<lang:groovy id="invalidCredsdata" script-source ="classpath:groovy/invalidCredsdata.groovy"/>
	<lang:groovy id="badReqNonfin" script-source ="classpath:groovy/badReqNonfin.groovy"/>
	<lang:groovy id="badReqFin" script-source ="classpath:groovy/badReqFin.groovy"/>
	<lang:groovy id="badReqStatus" script-source ="classpath:groovy/badReqStatus.groovy"/>
	<lang:groovy id="badReqInward" script-source ="classpath:groovy/badReqInward.groovy"/>
	<lang:groovy id="badReqData" script-source ="classpath:groovy/badReqData.groovy"/>
	<lang:groovy id="errorBalancer" script-source ="classpath:groovy/errorBalancer.groovy"/>
 	<lang:groovy id="dataFeed" script-source ="classpath:groovy/dataFeedPosting.groovy"/>



	<camelContext id="SFM_OL" xmlns="http://camel.apache.org/schema/spring">

		<route>
		<from uri="jetty:http://{{boss_host}}:{{boss_port}}/v1/evaluate-risk-nonfinancial"/>
			<log message = "Recieved JSON Request from PROD: ${body}" loggingLevel="INFO"/>

			<!--validate creds-->
			<setHeader name="Content-Type">
				<constant>Application/Json</constant>
			</setHeader>
			
			<choice>
				<!-- Check if Authorization header matches the expected value -->
				<when>
					<simple>${header.Authorization} == '{{creds}}'</simple>
					<log message="Authorized access"/>
					<bean ref="fetchAction" method="process"/>
					<log message="The Action code is : ${header.Action}"/>
					<choice>
					<when>
                    <!-- Check if CustomerID, Action, and EFMSChannelReferenceNumber are present in the body -->
                    <simple>${header.Action} != '' &amp;&amp; ${header.CustomerId} != '' &amp;&amp; ${header.EFMSChannelReferenceNumber} != ''</simple>
                    <log message="Valid request received: ${body}" loggingLevel="INFO"/>
					<!-- Log the incoming Non financial transaction -->
					<log message="Received Non Financial Transaction (JSON): ${body}" loggingLevel="INFO"/>
					<bean ref="nonFinancial" method ="jsonMapping"/>
					<to uri="direct:loadBalancerRoute"/>
				</when>
				<otherwise>
                    <log message="Missing required fields in the request" loggingLevel="ERROR"/>

                    <!-- Set 400 Bad Request response code -->
                    <setHeader name="CamelHttpResponseCode">
                        <constant>400</constant>
                    </setHeader>

                    <!-- Set body with error message indicating which fields are missing -->
		    <bean ref ="badReqNonfin" method="process"/>
                </otherwise>
            </choice>
			</when>
				
			<otherwise>
					<log message="Unauthorized access attempt"/>
					<!-- Return 401 Unauthorized response -->
					<setHeader name="CamelHttpResponseCode">
						<constant>401</constant>
					</setHeader>
					<bean ref="invalidCredsnonfin" method="process"/>

			</otherwise>
		   </choice>
		</route>
		
		<route>
		<from uri="jetty:http://{{boss_host}}:{{boss_port}}/v1/evaluate-risk-financial"/>
			<log message = "Recieved JSON Request from PROD: ${body}" loggingLevel="INFO"/>
			<!--validate creds-->
			<setHeader name="Content-Type">
				<constant>Application/Json</constant>
			</setHeader>
		
			<choice>
			        <!-- Check if Authorization header matches the expected value -->
				<when>
					<simple>${header.Authorization} == '{{creds}}'</simple>
					<log message="Authorized access"/>
					<bean ref="fetchAction" method="process"/>
					
				<choice>
					<when>
                    <!-- Check if CustomerID, Action, and EFMSChannelReferenceNumber are present in the body -->
                    <simple>${header.Action} != '' &amp;&amp; ${header.CustomerId} != '' &amp;&amp; ${header.EFMSChannelReferenceNumber} != ''</simple>
                    <log message="Valid request received: ${body}" loggingLevel="INFO"/>
					
					<log message="Received Financial Transaction (JSON): ${body}" loggingLevel="INFO"/>
					<bean ref="financial" method="jsonMapping"/>
					
					<to uri="direct:loadBalancerRoute"/>
					</when>
					
				<otherwise>
                    <log message="Missing required fields in the request" loggingLevel="ERROR"/>

                    <!-- Set 400 Bad Request response code -->
                    <setHeader name="CamelHttpResponseCode">
                        <constant>400</constant>
                    </setHeader>

                    <!-- Set body with error message indicating which fields are missing -->
					<bean ref ="badReqFin" method="process"/>
                </otherwise>
            </choice>
			</when>	

			<otherwise>
					<log message="Unauthorized access attempt"/>
					<!-- Return 401 Unauthorized response -->
					<setHeader name="CamelHttpResponseCode">
						<constant>401</constant>
					</setHeader>
					<bean ref="invalidCredsfin" method="process"/>
			</otherwise>
		   </choice>

		</route>
		
		<route>
			<from uri="jetty:http://{{boss_host}}:{{boss_port}}/v1/status-update"/>
			<log message = "Recieved JSON Request from PROD: ${body}" loggingLevel="INFO"/>

			<!--validate creds-->
			<setHeader name="Content-Type">
				<constant>Application/Json</constant>
			</setHeader>
		
			<choice>
				<!-- Check if Authorization header matches the expected value -->
				<when>
					<simple>${header.Authorization} == '{{creds}}'</simple>
					<log message="Authorized access"/>	
					<bean ref="fetchAction" method="process"/>
					<choice>
					<when>
                    <!-- Check if CustomerID, Action, and EFMSChannelReferenceNumber are present in the body -->
                    <simple>${header.Action} != '' &amp;&amp; ${header.CustomerId} != '' &amp;&amp; ${header.EFMSChannelReferenceNumber} != ''</simple>
                    <log message="Valid request received: ${body}" loggingLevel="INFO"/>
					<choice>
					<when>
					<simple>${header.TransactionCode} == 'BC' || ${header.TransactionCode} == 'BM'</simple>
					<log message="Received Data POST AUTH Transaction CSNM (JSON): ${body}" loggingLevel="INFO"/>
					<bean ref="postEvalNM" method="jsonMapping"/>
					</when>
					<otherwise>
					<log message="Received POST AUTH Transaction CSBF (JSON): ${body}" loggingLevel="INFO"/>
					<bean ref="postEval" method="jsonMapping"/>
					</otherwise>
					</choice>
					<to uri="direct:loadBalancerRoute"/>
					
					
						
					</when>
				<otherwise>
                    <log message="Missing required fields in the request" loggingLevel="ERROR"/>

                    <!-- Set 400 Bad Request response code -->
                    <setHeader name="CamelHttpResponseCode">
                        <constant>400</constant>
                    </setHeader>

                    <!-- Set body with error message indicating which fields are missing -->
					<bean ref ="badReqStatus" method="process"/>
                </otherwise>
            </choice>
						
				</when>

				<otherwise>
					<log message="Unauthorized access attempt"/>
					<!-- Return 401 Unauthorized response -->
					<setHeader name="CamelHttpResponseCode">
						<constant>401</constant>
					</setHeader>
					<bean ref="invalidCredsstatus" method="process"/>
				</otherwise>
		   </choice>

		</route>
		
		<route>
			<from uri="jetty:http://{{boss_host}}:{{boss_port}}/v1/data-feed-update"/>
			<log message = "Recieved JSON Request from PROD: ${body}" loggingLevel="INFO"/>

			<!--validate creds-->
			<setHeader name="Content-Type">
				<constant>Application/Json</constant>
			</setHeader>
			<choice>
			<!-- Check if Authorization header matches the expected value -->
			<when>
					<simple>${header.Authorization} == '{{creds}}'</simple>
					<log message="Authorized access"/>
					<bean ref="fetchAction" method="process"/>
					<choice>
					<when>
                    <!-- Check if CustomerID, Action, and EFMSChannelReferenceNumber are present in the body -->
                    <simple>${header.Action} != '' &amp;&amp; ${header.CustomerId} != '' &amp;&amp; ${header.EFMSChannelReferenceNumber} != ''</simple>
                    <log message="Valid request received: ${body}" loggingLevel="INFO"/>
					<log message="Received Data feed posting Transaction (JSON): ${body}" loggingLevel="INFO"/>
					<bean ref="dataFeed" method="jsonMapping"/>
					<to uri="direct:loadBalancerRoute"/>

					
			</when>
				<otherwise>
                    <log message="Missing required fields in the request" loggingLevel="ERROR"/>

                    <!-- Set 400 Bad Request response code -->
                    <setHeader name="CamelHttpResponseCode">
                        <constant>400</constant>
                    </setHeader>

                    <!-- Set body with error message indicating which fields are missing -->
					<bean ref ="badReqData" method="process"/>
                </otherwise>
            </choice>
			</when>
			<otherwise>
					<log message="Unauthorized access attempt"/>
					<!-- Return 401 Unauthorized response -->
					<setHeader name="CamelHttpResponseCode">
						<constant>401</constant>
					</setHeader>
					<bean ref="invalidCredsdata" method="process"/>
			</otherwise>
		   </choice>

		</route>

		<route>
			<from uri="jetty:http://{{boss_host}}:{{boss_port}}/evaluate-risk/inward"/>
			<log message = "Recieved JSON Request from PROD: ${body}" loggingLevel="INFO"/>
			<!--validate creds-->
			<setHeader name="Content-Type">
				<constant>Application/Json</constant>
			</setHeader>
			<choice>
			<!-- Check if Authorization header matches the expected value -->
				<when>
					<simple>${header.Authorization} == '{{creds}}'</simple>
					<log message="Authorized access"/>
					<bean ref="fetchAction" method="process"/>
					<choice>
					<when>
                    <!-- Check if CustomerID, Action, and EFMSChannelReferenceNumber are present in the body -->
                    <simple>${header.Action} != '' &amp;&amp; ${header.CustomerId} != ''</simple>
                    <log message="Valid request received: ${body}" loggingLevel="INFO"/>
					<log message="Received Inward Transaction (JSON): ${body}" loggingLevel="INFO"/>
					<bean ref="inward" method="jsonMapping"/>
					<to uri="direct:loadBalancerRoute"/>
					

					
				</when>
				<otherwise>
                    <log message="Missing required fields in the request" loggingLevel="ERROR"/>

                    <!-- Set 400 Bad Request response code -->
                    <setHeader name="CamelHttpResponseCode">
                        <constant>400</constant>
                    </setHeader>

                    <!-- Set body with error message indicating which fields are missing -->
					<bean ref ="badReqInward" method="process"/>
                </otherwise>
            </choice>
			</when>
				
			<otherwise>
					<log message="Unauthorized access attempt"/>
					<!-- Return 401 Unauthorized response -->
					<setHeader name="CamelHttpResponseCode">
						<constant>401</constant>
					</setHeader>
					<bean ref="invalidCredsinward" method="process"/>
			</otherwise>
		   </choice>

		</route>
		
		<route>
			<from uri="direct:loadBalancerRoute"/>
			 <doTry>
				 <loadBalance id="ODE Load Balancer" inheritErrorHandler="false">
					<customLoadBalancer ref="odeLoadBalancer"/>
					<to id="sfmdemo1" uri="netty:tcp://{{ode_1}}:5018?sync=true"/>
				<!--	<to id="sfmdemo2" uri="netty:tcp://{{ode_2}}:5018?sync=true"/>  -->
				</loadBalance>
					<doCatch>
					<!-- Catch any connection errors (ConnectException or RuntimeException) -->
					<exception>java.net.ConnectException</exception>
					<exception>java.lang.RuntimeException</exception>

					<!-- Call the Bean to generate the 503 response -->
					<bean ref="errorBalancer" method="process"/>
					<setHeader name="CamelHttpResponseCode">
                        <constant>503</constant>
                    </setHeader>
					<stop/>
					</doCatch>
             </doTry>
			<bean ref="sendResp" method = "process"/>
			<log message=" Response sent to ADCB Microservice : ${body}" loggingLevel="INFO"/>
		</route>	
	</camelContext>

</beans>                                                                                                                  
