<?xml version="1.0" encoding="UTF-8"?>

<!-- TODO: need to review and decide what basic stuff to include. -->
<beans xmlns="http://www.springframework.org/schema/beans"
       xmlns:xsi="http://www.w3.org/2001/XMLSchema-instance"
       xmlns:context="http://www.springframework.org/schema/context"
       xmlns:lang="http://www.springframework.org/schema/lang"
       xmlns:cxf="http://camel.apache.org/schema/cxf"
       xsi:schemaLocation="http://www.springframework.org/schema/beans
       http://www.springframework.org/schema/beans/spring-beans-3.0.xsd
       http://camel.apache.org/schema/spring
       http://camel.apache.org/schema/spring/camel-spring.xsd
       http://camel.apache.org/schema/cxf http://camel.apache.org/schema/cxf/camel-cxf.xsd
       http://www.springframework.org/schema/context
       http://www.springframework.org/schema/context/spring-context.xsd
       http://www.springframework.org/schema/lang 
       http://www.springframework.org/schema/lang/spring-lang.xsd">

   <bean id ="camelconfig" class = "org.apache.camel.spring.boot.CamelConfigurationProperties"/> 
  <!-- <import resource = "ol-security.xml"/>-->
   
    <camelContext id="SFM_OL" xmlns="http://camel.apache.org/schema/spring">
               

           

         <restConfiguration component="jetty" host="0.0.0.0" port="9080"
                           bindingMode="off" enableCORS="true">
            <dataFormatProperty key="json.in.disableFeatures" value="FAIL_ON_UNKNOWN_PROPERTIES,ADJUST_DATES_TO_CONTEXT_TIME_ZONE" />
            <dataFormatProperty key="json.in.enableFeatures" value="FAIL_ON_NUMBERS_FOR_ENUMS,USE_BIG_DECIMAL_FOR_FLOATS" />
                        <dataFormatProperty key="prettyPrint" value="true"/>
                     </restConfiguration>

      
              


<rest>
    
    <!-- Financial Transactions Endpoint (expects JSON input) -->
    <post path="/financial" consumes="application/json" produces="application/json">
      <to uri="direct:financialTransaction"/>
    </post>
    
    <!-- Non-Financial Transactions Endpoint (expects JSON input) -->
    <post path="/nonfinancial" consumes="application/json" produces="application/json">
      <to uri="direct:nonFinancialTransaction"/>
    </post>
    
  </rest>

  <!-- Route to handle Financial Transactions (JSON) -->
  <route>
    <from uri="direct:financialTransaction"/>
    <!-- Log the incoming financial transaction -->
    <log message="Received Financial Transaction (JSON): ${body}" loggingLevel="INFO"/>
    
    <!-- Simple transformation to return a response -->
    <transform>
      <constant>{"message": "Financial Transaction Received"}</constant>
    </transform>
  </route>

  <!-- Route to handle Non-Financial Transactions (JSON) -->
  <route>
    <from uri="direct:nonFinancialTransaction"/>
    <!-- Log the incoming non-financial transaction -->
    <log message="Received Non-Financial Transaction (JSON): ${body}" loggingLevel="INFO"/>
    
    <!-- Simple transformation to return a response -->
    <transform>
      <constant>{"message": "Non-Financial Transaction Received"}</constant>
    </transform>
  </route>

    </camelContext>

   

</beans>
