<?xml version="1.0" encoding="UTF-8"?>

<!-- TODO: need to review and decide what basic stuff to include. -->
<beans xmlns="http://www.springframework.org/schema/beans"
       xmlns:xsi="http://www.w3.org/2001/XMLSchema-instance"
       xmlns:context="http://www.springframework.org/schema/context"
       xmlns:lang="http://www.springframework.org/schema/lang"
       xmlns:cxf="http://camel.apache.org/schema/cxf"
       xsi:schemaLocation="http://www.springframework.org/schema/beans
       http://www.springframework.org/schema/beans/spring-beans-3.0.xsd
       http://camel.apache.org/schema/spring
       http://camel.apache.org/schema/spring/camel-spring.xsd
       http://camel.apache.org/schema/cxf http://camel.apache.org/schema/cxf/camel-cxf.xsd
       http://www.springframework.org/schema/context
       http://www.springframework.org/schema/context/spring-context.xsd
       http://www.springframework.org/schema/lang 
       http://www.springframework.org/schema/lang/spring-lang.xsd">

	<lang:groovy id="processTransaction" script-source ="classpath:groovy/processTransaction.groovy"/>
	<lang:groovy id="OAuth_provider" script-source ="classpath:groovy/Oauth_provider.groovy"/>
	<lang:groovy id="OAuth_verify" script-source ="classpath:groovy/OAuth_verify.groovy"/>
	<lang:groovy id="AuthTokenValidator" script-source ="classpath:groovy/AuthTokenManager.groovy"/>


	<bean id ="camelconfig" class = "org.apache.camel.spring.boot.CamelConfigurationProperties"/> 
	<import resource="ol-security.xml"/>
	<camelContext id="SFM_OL" xmlns="http://camel.apache.org/schema/spring">

		<route id="financialRoute">

			<from uri="jetty:https://0.0.0.0:9080/financial?sslContextParameters=#sslContextParameters&amp;needClientAuth=true"/>

			<setHeader name="Content-Type">
				<constant>Application/Json</constant>
			</setHeader>

			
			<bean ref="AuthTokenValidator" method="validateToken"/>
	
			<bean ref="processTransaction" method="process"/>
				<setBody>
				<simple>${body}</simple>
			</setBody>
			<log message="Processing financial transaction for ${header.CamelHttpRemoteHost}: ${body}"/>
		</route>
	
		<route id="nonFinancialRoute">
			<from uri="jetty:https://0.0.0.0:9080/nonfinancial?sslContextParameters=#sslContextParameters&amp;needClientAuth=true"/>
			  
			<setHeader name="Content-Type">
				<constant>Application/Json</constant>
			</setHeader>

			
			<bean ref="AuthTokenValidator" method="validateToken"/>
			
			
			<bean ref="processTransaction" method="process"/>			
			<setBody>
				<simple>${body}</simple>
			</setBody>
			
			<log message="Processing non-financial transaction for ${header.CamelHttpRemoteHost}: ${body}"/>
		</route>
	
		<route id="authTokenRoute">
			<from uri="jetty:https://0.0.0.0:9080/oauth/token?sslContextParameters=#sslContextParameters&amp;needClientAuth=true"/>

			<log message="Received token request from ${header.Authorization}"/>

			<setHeader name="Content-Type">
				<constant>Application/Json</constant>
			</setHeader>
			
			
			<choice>
				<when>
					<simple>${header.Authorization} == 'Basic YWhiYXBpY2xpZW50Oms1VHo5WHEzTGRSNw=='</simple>
					<log message="Authorized access"/>
					
					
					<bean ref="AuthTokenValidator" method="process"/>
					<setBody>
						<simple>{"access_token": "${header.authToken}", "token_type": "Bearer", "expires_in": 3600}</simple>
					</setBody> 

				</when>
				<otherwise>
					<log message="Unauthorized access attempt"/>
					
					<setHeader name="CamelHttpResponseCode">
						<constant>401</constant>
					</setHeader>
					<setBody>
						<constant>{"error": "Unauthorized"}</constant>
					</setBody>
				</otherwise>
			</choice>
			
		</route>



	</camelContext>

</beans>