<beans xmlns="http://www.springframework.org/schema/beans"
       xmlns:xsi="http://www.w3.org/2001/XMLSchema-instance"
       xmlns:camel="http://camel.apache.org/schema/spring"
       xsi:schemaLocation="
           http://www.springframework.org/schema/beans 
           http://www.springframework.org/schema/beans/spring-beans.xsd
           http://camel.apache.org/schema/spring 
           http://camel.apache.org/schema/spring/camel-spring.xsd">

    <!-- SSL Context Parameters -->
    <camel:sslContextParameters id="sslContextParameters">
        <camel:keyManagers keyPassword="Sutra@2024">
            <camel:keyStore resource="certificates/serverKeystore.p12" password="Sutra@2024" />
        </camel:keyManagers>
        <camel:trustManagers>
            <camel:keyStore resource="certificates/serverTruststore.p12" password="Sutra@2024" />
        </camel:trustManagers>
	        
    </camel:sslContextParameters>
   

</beans>